"time","J1_w","J2_w","J3_w","J4_w"
0,10,0,0,0
0.003,-0.03,0.03,0,0
0.003,-0.03,0.03,0,0
0.006,-0.02858837530022228,0.03141162469977771,0,0
0.009000000000000001,-0.02577765558143642,0.03422234441856358,0,0
0.012,-0.02159278899084797,0.03840721100915202,0,0
0.015,-0.01607092070057781,0.04392907929942219,0,0
0.018,-0.009261063204484596,0.0507389367955154,0,0
0.021,-0.00122366127979965,0.05877633872020035,0,0
0.024,0.007969944524994999,0.067969944524995,0,0
0.027,0.01823815111392532,0.07823815111392532,0,0
0.03,0.02948981715838221,0.08948981715838221,0,0
0.033,0.04162507207400644,0.1016250720740064,0,0
0.036,0.0545362024790656,0.1145362024790656,0,0
0.039,0.06810860826605589,0.1281086082660559,0,0
0.042,0.08222181980036927,0.1422218198003693,0,0
0.045,0.09675056721729872,0.1567505672172987,0,0
0.048,0.1115658923262258,0.1715658923262258,0,0
0.051,0.1265362932526499,0.1865362932526499,0,0
0.054,0.1415288916581358,0.2015288916581358,0,0
0.057,0.156410612177853,0.216410612177853,0,0
0.06,0.1710493636069342,0.2310493636069342,0,0
0.063,0.1853152113513615,0.2453152113513615,0,0
0.066,0.1990815307366213,0.2590815307366213,0,0
0.06900000000000001,0.2122261309372792,0.2722261309372792,0,0
0.07200000000000001,0.2246323395513977,0.2846323395513977,0,0
0.075,0.2361900381930345,0.2961900381930345,0,0
0.078,0.2467966399108327,0.3067966399108327,0,0
0.081,0.256357999757063,0.316357999757063,0,0
0.08400000000000001,0.264789250424845,0.324789250424845,0,0
0.08700000000000001,0.2720155555363707,0.3320155555363707,0,0
0.09,0.2779727738958924,0.3379727738958924,0,0
0.093,0.2826080288115166,0.3426080288115166,0,0
0.096,0.2858801774324647,0.3458801774324647,0,0
0.099,0.2877601759359293,0.3477601759359293,0,0
0.102,0.2882313373221012,0.3482313373221012,0,0
0.105,0.2872894795291615,0.3472894795291615,0,0
0.108,0.2849429625535581,0.3449429625535581,0,0
0.111,0.2812126142460852,0.3412126142460852,0,0
0.114,0.2761315454424059,0.3361315454424059,0,0
0.117,0.2697448560689298,0.3297448560689298,0,0
0.12,0.2621092348326742,0.3221092348326742,0,0
0.123,0.2532924560482872,0.3132924560482871,0,0
0.126,0.2433727780684324,0.3033727780684324,0,0
0.129,0.2324382486571112,0.2924382486571112,0,0
0.132,0.2205859234714758,0.2805859234714758,0,0
0.135,0.2079210045889456,0.2679210045889456,0,0
0.138,0.1945559067261201,0.2545559067261201,0,0
0.141,0.1806092594377963,0.2406092594377963,0,0
0.144,0.1662048541526421,0.2262048541526421,0,0
0.147,0.1514705453917119,0.2114705453917119,0,0
0.15,0.1365371159226657,0.1965371159226657,0,0
0.153,0.1215371159226657,0.1815371159226657,0,0
0.156,0.1066036864536195,0.1666036864536194,0,0
0.159,0.0918693776926891,0.1518693776926891,0,0
0.162,0.07746497240753494,0.1374649724075349,0,0
0.165,0.06351832511921116,0.1235183251192112,0,0
0.168,0.05015322725638563,0.1101532272563856,0,0
0.171,0.03748830837385539,0.09748830837385539,0,0
0.174,0.02563598318822002,0.08563598318822002,0,0
0.177,0.01470145377689894,0.07470145377689894,0,0
0.18,0.004781775797044141,0.06478177579704414,0,0
0.183,-0.004035002987342967,0.05596499701265703,0,0
0.186,-0.01167062422359855,0.04832937577640144,0,0
0.189,-0.01805731359707465,0.04194268640292535,0,0
0.192,-0.02313838240075403,0.03686161759924597,0,0
0.195,-0.02686873070822685,0.03313126929177315,0,0
0.198,-0.02921524768383032,0.03078475231616968,0,0
0.201,-0.03015710547677002,0.02984289452322998,0,0
0.204,-0.02968594409059808,0.03031405590940191,0,0
0.207,-0.02780594558713352,0.03219405441286648,0,0
0.21,-0.02453379696618541,0.03546620303381459,0,0
0.213,-0.01989854205056119,0.04010145794943881,0,0
0.216,-0.01394132369103949,0.04605867630896051,0,0
0.219,-0.00671501857951376,0.05328498142048624,0,0
0.222,0.001716232088268203,0.0617162320882682,0,0
0.225,0.01127759193449857,0.07127759193449856,0,0
0.228,0.02188419365229678,0.08188419365229678,0,0
0.231,0.03344189229393363,0.09344189229393363,0,0
0.234,0.04584810090805207,0.1058481009080521,0,0
0.237,0.05899270110871004,0.11899270110871,0,0
0.24,0.07275902049396965,0.1327590204939696,0,0
0.243,0.08702486823839697,0.147024868238397,0,0
0.246,0.1016636196674782,0.1616636196674782,0,0
0.249,0.1165453401871954,0.1765453401871954,0,0
0.252,0.1315379385926814,0.1915379385926814,0,0
0.255,0.1465083395191055,0.2065083395191055,0,0
0.258,0.1613236646280325,0.2213236646280325,0,0
0.261,0.175852412044962,0.235852412044962,0,0
0.264,0.1899656235792754,0.2499656235792754,0,0
0.267,0.2035380293662657,0.2635380293662657,0,0
0.27,0.2164491597713248,0.2764491597713248,0,0
0.273,0.2285844146869491,0.2885844146869491,0,0
0.276,0.2398360807314059,0.2998360807314059,0,0
0.279,0.2501042873203363,0.3101042873203363,0,0
0.282,0.259297893125131,0.319297893125131,0,0
0.285,0.2673352950498159,0.3273352950498159,0,0
0.288,0.2741451525459091,0.3341451525459091,0,0
0.291,0.2796670208361792,0.3396670208361792,0,0
0.294,0.2838518874267676,0.3438518874267676,0,0
0.297,0.2866626071455535,0.3466626071455535,0,0
0.3,0.2880742318453313,0.3480742318453313,0,0
0.303,0.2880742318453313,0.3480742318453313,0,0
0.306,0.2866626071455536,0.3466626071455536,0,0
0.309,0.2838518874267678,0.3438518874267678,0,0
0.312,0.2796670208361793,0.3396670208361793,0,0
0.315,0.2741451525459092,0.3341451525459092,0,0
0.318,0.267335295049816,0.327335295049816,0,0
0.321,0.259297893125131,0.319297893125131,0,0
0.324,0.2501042873203363,0.3101042873203363,0,0
0.327,0.239836080731406,0.299836080731406,0,0
0.33,0.2285844146869491,0.2885844146869491,0,0
0.333,0.2164491597713248,0.2764491597713248,0,0
0.336,0.2035380293662657,0.2635380293662657,0,0
0.339,0.1899656235792754,0.2499656235792754,0,0
0.342,0.175852412044962,0.235852412044962,0,0
0.345,0.1613236646280325,0.2213236646280325,0,0
0.348,0.1465083395191054,0.2065083395191054,0,0
0.351,0.1315379385926813,0.1915379385926813,0,0
0.354,0.1165453401871956,0.1765453401871956,0,0
0.357,0.1016636196674785,0.1616636196674785,0,0
0.36,0.08702486823839725,0.1470248682383972,0,0
0.363,0.07275902049396993,0.1327590204939699,0,0
0.366,0.05899270110871019,0.1189927011087102,0,0
0.369,0.04584810090805221,0.1058481009080522,0,0
0.372,0.03344189229393377,0.09344189229393376,0,0
0.375,0.02188419365229691,0.0818841936522969,0,0
0.378,0.01127759193449868,0.07127759193449867,0,0
0.381,0.001716232088268321,0.06171623208826832,0,0
0.384,-0.006715018579513655,0.05328498142048634,0,0
0.387,-0.01394132369103938,0.04605867630896061,0,0
0.39,-0.0198985420505611,0.0401014579494389,0,0
0.393,-0.02453379696618532,0.03546620303381468,0,0
0.396,-0.02780594558713344,0.03219405441286655,0,0
0.399,-0.02968594409059801,0.03031405590940199,0,0
0.4000000059604645,-0.02984299882210222,0.03015700117789778,0,0
0.4000000059604645,-0.02984299882210222,0.03015700117789778,0,0
0.402,-0.03984296714725039,0.02015703285274961,0.01999994039535546,0
0.405,-0.05390110935431069,0.00609889064568931,0.04999994039535549,0
0.405,-0.05390110935431069,0.00609889064568931,0.04999994039535549,0
0.408,-0.05233676470390838,0.007663235296091621,0.0515642850457578,0
0.411,-0.04984986583225983,0.01015013416774017,0.05405118391740635,0
0.414,-0.04646248662980691,0.01353751337019309,0.05743856311985927,0
0.417,-0.04220469371415625,0.01779530628584375,0.06169635603550993,0
0.42,-0.03711427955665255,0.02288572044334745,0.06678677019301363,0
0.423,-0.03123642703372782,0.02876357296627218,0.07266462271593836,0
0.426,-0.02462330838049129,0.0353766916195087,0.07927774136917488,0
0.429,-0.01733362210627718,0.04266637789372282,0.086567427643389,0
0.432,-0.009432071982520267,0.05056792801747973,0.09446897776714591,0
0.435,-0.000988792727500111,0.05901120727249989,0.1029122570221661,0
0.438,0.00792127251438357,0.06792127251438357,0.1118223222640497,0
0.441,0.01721903737326608,0.07721903737326608,0.1211200871229323,0
0.444,0.02682197423003552,0.08682197423003551,0.1307230239797017,0
0.447,0.03664484673732241,0.0966448467373224,0.1405458964869886,0
0.45,0.04660046638335322,0.1066004663833532,0.1505015161330194,0
0.453,0.05660046638335323,0.1166004663833532,0.1605015161330194,0
0.456,0.06655608602938404,0.126556086029384,0.1704571357790502,0
0.459,0.07637895853667093,0.1363789585366709,0.1802800082863371,0
0.462,0.08598189539344037,0.1459818953934404,0.1898829451431066,0
0.465,0.09527966025232287,0.1552796602523229,0.1991807100019891,0
0.468,0.1041897254942065,0.1641897254942065,0.2080907752438727,0
0.471,0.1126330047492267,0.1726330047492267,0.2165340544988929,0
0.474,0.1205345548729836,0.1805345548729836,0.2244356046226498,0
0.477,0.1278242411471977,0.1878242411471977,0.2317252908968639,0
0.48,0.1344373598004341,0.1944373598004341,0.2383384095501003,0
0.483,0.1403152123233589,0.2003152123233589,0.2442162620730251,0
0.486,0.1454056264808626,0.2054056264808626,0.2493066762305288,0
0.489,0.1496634193965133,0.2096634193965133,0.2535644691461795,0
0.492,0.1530507985989663,0.2130507985989663,0.2569518483486324,0
0.495,0.1555376974706148,0.2155376974706148,0.259438747220281,0
0.498,0.1571020421210171,0.2171020421210171,0.2610030918706833,0
0.501,0.1577299473163103,0.2177299473163103,0.2616309970659765,0
0.504,0.157415839725529,0.217415839725529,0.2613168894751952,0
0.507,0.156162507389886,0.216162507389886,0.2600635571395522,0
0.51,0.1539810749759206,0.2139810749759206,0.2578821247255868,0
0.513,0.1508909050321711,0.2108909050321711,0.2547919547818373,0
0.516,0.1469194261258233,0.2069194261258233,0.2508204758754895,0
0.519,0.1421018893848062,0.2021018893848062,0.2460029391344724,0
0.522,0.1364810556062848,0.1964810556062848,0.240382105355951,0
0.525,0.130106815708798,0.1901068157087979,0.2340078654584641,0
0.528,0.1230357478969325,0.1830357478969325,0.2269367976465987,0
0.531,0.1153306154691746,0.1753306154691746,0.2192316652188407,0
0.534,0.1070598097264289,0.1670598097264289,0.2109608594760951,0
0.537,0.09829674292599028,0.1582967429259903,0.2021977926756565,0
0.54,0.08911919666915044,0.1491191966691504,0.1930202464188166,0
0.543,0.0796086315061989,0.1396086315061989,0.1835096812558651,0
0.546,0.0698494638868114,0.1298494638868114,0.1737505136364776,0
0.549,0.05992831687366662,0.1199283168736666,0.1638293666233328,0
0.552,0.0499332512700093,0.1099332512700093,0.1538343010196755,0
0.555,0.03995298398572658,0.09995298398572658,0.1438540337353928,0
0.5580000000000001,0.03007610057977519,0.09007610057977519,0.1339771503294414,0
0.5610000000000001,0.02039026896848889,0.08039026896848889,0.1242913187181551,0
0.5640000000000001,0.01098146127894661,0.07098146127894661,0.1148825110286128,0
0.5670000000000001,0.001933190754286419,0.06193319075428642,0.1058342405039526,0
0.5700000000000001,-0.00667422951575302,0.05332577048424698,0.09722682023391316,0
0.5730000000000001,-0.0147643994595025,0.0452356005404975,0.08913665029016368,0
0.5760000000000001,-0.02226551015580708,0.03773448984419291,0.08163553959385909,0
0.579,-0.02911098121509372,0.03088901878490628,0.07479006853457246,0
0.582,-0.03524005175162351,0.02475994824837648,0.06866099799804266,0
0.585,-0.0405983197014135,0.0194016802985865,0.06330273004825268,0
0.588,-0.045138224698809,0.014861775301191,0.05876282505085718,0
0.591,-0.0488194702256558,0.01118052977434419,0.05508157952401038,0
0.594,-0.0516093812860481,0.008390618713951893,0.05229166846361807,0
0.597,-0.05348319443190538,0.006516805568094614,0.05041785531776079,0
0.6,-0.05442427756509055,0.005575722434909447,0.04947677218457563,0
0.603,-0.05442427756509056,0.00557572243490944,0.04947677218457562,0
0.606,-0.05348319443190545,0.006516805568094551,0.05041785531776073,0
0.609,-0.05160938128604822,0.008390618713951782,0.05229166846361796,0
0.612,-0.04881947022565593,0.01118052977434407,0.05508157952401025,0
0.615,-0.04513822469880917,0.01486177530119082,0.058762825050857,0
0.618,-0.04059831970141372,0.01940168029858628,0.06330273004825246,0
0.621,-0.03524005175162375,0.02475994824837625,0.06866099799804243,0
0.624,-0.02911098121509397,0.03088901878490603,0.07479006853457221,0
0.627,-0.02226551015580708,0.03773448984419291,0.08163553959385909,0
0.63,-0.01476439945950248,0.04523560054049752,0.0891366502901637,0
0.633,-0.006674229515752993,0.05332577048424701,0.09722682023391319,0
0.636,0.001933190754286447,0.06193319075428644,0.1058342405039526,0
0.639,0.01098146127894664,0.07098146127894664,0.1148825110286128,0
0.642,0.02039026896848892,0.08039026896848891,0.1242913187181551,0
0.645,0.03007610057977522,0.09007610057977522,0.1339771503294414,0
0.648,0.03995298398572661,0.09995298398572661,0.1438540337353928,0
0.651,0.04993325127000933,0.1099332512700093,0.1538343010196755,0
0.654,0.05992831687366665,0.1199283168736666,0.1638293666233328,0
0.657,0.06984946388681143,0.1298494638868114,0.1737505136364776,0
0.66,0.0796086315061989,0.1396086315061989,0.1835096812558651,0
0.663,0.08911919666915044,0.1491191966691504,0.1930202464188166,0
0.666,0.09829674292599025,0.1582967429259902,0.2021977926756564,0
0.669,0.1070598097264289,0.1670598097264289,0.2109608594760951,0
0.672,0.1153306154691745,0.1753306154691745,0.2192316652188407,0
0.675,0.1230357478969324,0.1830357478969324,0.2269367976465986,0
0.678,0.1301068157087979,0.1901068157087979,0.2340078654584641,0
0.681,0.1364810556062848,0.1964810556062848,0.240382105355951,0
0.6840000000000001,0.1421018893848061,0.2021018893848061,0.2460029391344723,0
0.6870000000000001,0.1469194261258232,0.2069194261258232,0.2508204758754894,0
0.6900000000000001,0.150890905032171,0.210890905032171,0.2547919547818372,0
0.6930000000000001,0.1539810749759205,0.2139810749759204,0.2578821247255866,0
0.6960000000000001,0.1561625073898859,0.2161625073898858,0.260063557139552,0
0.6990000000000001,0.1574158397255289,0.2174158397255289,0.2613168894751951,0
0.7020000000000001,0.1577299473163102,0.2177299473163102,0.2616309970659764,0
0.705,0.157102042121017,0.217102042121017,0.2610030918706832,0
0.708,0.1555376974706147,0.2155376974706147,0.2594387472202809,0
0.7097924947738647,0.1540517797270947,0.2140517797270947,0.2579528294767608,0
0.7097924947738647,0.1540517797270947,0.2140517797270947,0.2579528294767608,0
0.711,0.1528329619307705,0.2128329619307704,0.2567340116804366,0
0.714,0.1494455827283175,0.2094455827283175,0.2533466324779837,0
0.717,0.1451877898126668,0.2051877898126668,0.249088839562333,0
0.72,0.1400973756551631,0.2000973756551631,0.2439984254048293,0
0.723,0.1342195231322384,0.1942195231322384,0.2381205728819046,0
0.726,0.1276064044790019,0.1876064044790019,0.2315074542286681,0
0.729,0.1203167182047878,0.1803167182047878,0.224217767954454,0
0.732,0.1124151680810309,0.1724151680810309,0.2163162178306971,0
0.735,0.1039718888260108,0.1639718888260108,0.207872938575677,0
0.738,0.0950618235841271,0.1550618235841271,0.1989628733337933,0
0.741,0.08576405872524456,0.1457640587252446,0.1896651084749107,0
0.744,0.07616112186847512,0.1361611218684751,0.1800621716181413,0
0.747,0.06633824936118823,0.1263382493611882,0.1702392991108544,0
0.747,0.06633824936118823,0.1263382493611882,0.1702392991108544,0
0.75,0.05419632013565834,0.117475784504907,0.1613768342545732,0
0.753,0.0418298777044325,0.1086590057205199,0.1525600554701861,0
0.756,0.02950495357944091,0.09988803831396945,0.1437890880636356,0
0.759,0.01748639880528487,0.09116300694011714,0.1350640566897833,0
0.762,0.006035530913267528,0.08248403560097167,0.1263850853506379,0
0.765,-0.004592187749290128,0.0738512476439267,0.1177522973935929,0
0.768,-0.01414941970710346,0.06526476576000784,0.109165815509674,0
0.771,-0.02239914991640597,0.05672471198212887,0.100625761731795,0
0.774,-0.02911679169013385,0.04823120768335743,0.09213225743302361,0
0.777,-0.03409218229644142,0.03978437357519003,0.08368542332485621,0
0.78,-0.0371314505174438,0.03138432970583645,0.07528537945550264,0
0.783,-0.03805873959157238,0.02303119545851363,0.06693224520817981,0
0.786,-0.03671777024655409,0.01472508954974892,0.0586261392994151,0
0.789,-0.03297322994939419,0.00646613002769289,0.05036717977735907,0
0.7911564111709595,-0.02847261732620143,0.0005635325398739358,0.04446458228954012,0
0.7911564111709595,-0.02847261732620143,0.0005635325398739358,0.04446458228954012,0
0.792,-0.0261872709099795,-0.00173599226076554,0.04216505748890064,0
0.795,-0.01731933695277874,-0.009900307546838731,0.03400074220282745,0
0.798,-0.005778733340179341,-0.01801712632874187,0.02588392342092431,0
0.798,-0.005778733340179341,-0.01801712632874187,0.02588392342092431,0
0.801,-0.006406638535472482,-0.01864503152403501,0.02525601822563117,0
0.804,-0.006092530944691192,-0.01833092393325372,0.02557012581641246,0
0.8070000000000001,-0.004839198609048131,-0.01707759159761066,0.02682345815205552,0
0.8100000000000001,-0.002657766195082709,-0.01489615918364524,0.02900489056602094,0
0.8130000000000001,0.0004324037486667723,-0.01180598923989576,0.03209506050977042,0
0.8160000000000001,0.004403882655014603,-0.007834510333547928,0.03606653941611825,0
0.8190000000000001,0.009221419396031758,-0.003016973592530774,0.04088407615713541,0
0.8220000000000001,0.01484225317455307,0.002603860185990542,0.04650490993565672,0
0.8250000000000001,0.02121649307203999,0.008978100083477464,0.05287914983314364,0
0.8280000000000001,0.02828756088390547,0.01604916789534294,0.05995021764500912,0
0.8310000000000001,0.03599269331166338,0.02375430032310085,0.06765535007276703,0
0.8311672210693359,0.03645371097185376,0.02421531798329123,0.06811636773295741,0
0.8311672210693359,0.03645371097185376,0.02421531798329123,0.06811636773295741,0
0.834,0.04573577907593638,0.03133062808866489,0.07523167783833107,0
0.837,0.05704675033086578,0.03881974266185814,0.08272079241152432,0
0.84,0.06969925866517222,0.04625980787996464,0.09016085762963082,0
0.843,0.0834491339075781,0.05365071800318901,0.09755176775285519,0
0.846,0.09804333679144135,0.0609923679903386,0.1048934177400048,0
0.849,0.1132222068109203,0.06828465350031632,0.1121857032499825,0
0.852,0.1287217688353179,0.07552747089360351,0.1194285206432697,0
0.855,0.144276078007907,0.08272071723373303,0.1266217669833992,0
0.858,0.1596195821157229,0.08986429028875212,0.1337653400384183,0
0.861,0.1744894804617355,0.09695808853267532,0.1408591382823415,0
0.864,0.1886280583018582,0.1040020111469274,0.1479030608965936,0
0.867,0.201784976126141,0.1109959580217763,0.1548970077714424,0
0.87,0.2137194934643006,0.1179398297577557,0.1618408795074219,0
0.873,0.2242026074769044,0.124833527667078,0.1687345774167442,0
0.876,0.2330190873499009,0.1316769537750367,0.1755780035247029,0
0.879,0.2399693864350374,0.1384700108213988,0.182371060571065,0
0.882,0.2448714151638499,0.1452126022617872,0.1891136520114534,0
0.885,0.2475621589986887,0.1519046322690528,0.195805682018719,0
0.888,0.2478991270597081,0.1585460057346363,0.2024470554843025,0
0.891,0.2457616185696808,0.1651366282699201,0.2090376780195863,0
0.894,0.2410517958755588,0.1716764062075696,0.2155774559572358,0
0.897,0.2336955545225409,0.1781652466028644,0.2220662963525306,0
0.8999999761581421,0.2236432625468602,0.1846030060718973,0.2285040558215635,0
0.8999999761581421,0.2236432625468602,0.1846030060718973,0.2285040558215635,0
0.9,0.2236431610333385,0.1846029376194578,0.228503987369124,2.384185793236071e-07
0.903,0.2108697822863864,0.1759896269929339,0.2198906767426,0.03000023841857935
0.906,0.1953755781952226,0.167325104338738,0.2112261540884042,0.06000023841857938
0.9066328406333923,0.1915384987887198,0.1654865283259863,0.2093875780756524,0.06632864475250244
0.9066328406333923,0.1915384987887198,0.1654865283259863,0.2093875780756524,0.06632864475250244
0.909,0.1767415061143033,0.1586007314537384,0.2025017812034046,0.0900002384185794
0.912,0.1559062051409141,0.1498335153498445,0.1937345650995107,0.1200002384185794
0.915,0.1324998606932112,0.1410148192834259,0.184915869033092,0.1500002384185795
0.915,0.1324998606932112,0.1410148192834259,0.184915869033092,0.1500002384185795
0.918,0.1179599556958156,0.1264749142860304,0.1703759640356965,0.1800002384185795
0.918,0.1179599556958156,0.1264749142860304,0.1703759640356965,0.1800002384185795
0.921,0.1139412547334732,0.1224562133236879,0.1663572630733541,0.175981537456237
0.924,0.1093444518310758,0.1178594104212906,0.1617604601709567,0.1713847345538397
0.924,0.1093444518310758,0.1178594104212906,0.1617604601709567,0.1713847345538397
0.927,0.1007570644901698,0.1138764018089723,0.1577774515586385,0.1674017259415214
0.93,0.090098934495562,0.1099280011108703,0.1538290508605365,0.1634533252434195
0.9330000000000001,0.07756963466942962,0.1060142644424983,0.1499153141921645,0.1595395885750474
0.9360000000000001,0.06338442490665402,0.1021352474267174,0.1460362971763836,0.1556605715592665
0.9390000000000001,0.04777234003398885,0.09829100519294559,0.1421920549426118,0.1518163293254947
0.9420000000000001,0.03097415541507595,0.0944815923763743,0.1383826421260405,0.1480069165089234
0.9450000000000001,0.01324024835876449,0.09070706311719179,0.134608112866858,0.1442323872497409
0.9480000000000001,-0.005171625686955658,0.08696747105981378,0.13086852080948,0.1404927951923629
0.9510000000000001,-0.02399862241672557,0.08326286935212102,0.1271639191017872,0.1367881934846701
0.9540000000000001,-0.04297514310544626,0.07959331064470393,0.1234943603943701,0.1331186347772531
0.9570000000000001,-0.0618351934811118,0.07595884709011433,0.1198598968397805,0.1294841712226635
0.96,-0.08031474609530323,0.07235953034212436,0.1162605800917905,0.1258848544746735
0.963,-0.09815408522276034,0.06879541155499186,0.112696461304658,0.122320735687541
0.966,-0.1151001134765066,0.06526654138273411,0.1091675911324003,0.1187918655152832
0.969,-0.1309085996648426,0.06177296997840743,0.1056740197280736,0.1152982941109566
0.972,-0.1453463479380407,0.05831474699339454,0.1022157967430607,0.1118400711259437
0.975,-0.1581932689712274,0.05489192157669882,0.098792971326365,0.1084172457092479
0.978,-0.1692443347994651,0.05150454237424591,0.09540559212391209,0.105029866506795
0.981,-0.1783113999537648,0.04815265752819223,0.09205370727785842,0.1016779816607414
0.984,-0.1852248727334748,0.04483631467624089,0.08873736442590707,0.09836163880879002
0.987,-0.1898352217806973,0.04155556095096456,0.08545661070063074,0.09508088508351367
0.99,-0.1920143045842539,0.03831044297913559,0.08221149272880177,0.09183576711168472
0.993,-0.1916565061212861,0.0351010068810635,0.07900205663072968,0.08862633101361261
0.996,-0.1886796775298099,0.03192729826993932,0.0758283480196055,0.08545262240248844
0.999,-0.1830258664804834,0.02878936225118745,0.07269041200085363,0.08231468638373657
1.000333309173584,-0.1793085855200274,0.02741066775360838,0.07131171750327456,0.08093599188615751
1.000333309173584,-0.1793085855200274,0.02741066775360838,0.07131171750327456,0.08093599188615751
1.002,-0.173990347700609,0.02569609501904314,0.06959714476870932,0.07922141915159225
1.005,-0.1629078594587328,0.0226298374670442,0.06653088721671038,0.07615516159959332
1.008,-0.1491237674185431,0.01959948477071658,0.06350053452038276,0.0731248089032657
1.011,-0.1326798564856854,0.01660507999807932,0.0605061297477455,0.07013040413062845
1.014,-0.1136424760028475,0.01364666570625284,0.05754771545591902,0.06717198983880196
1.017,-0.09210195195969306,0.01072428394085223,0.05462533369051841,0.06424960807340135
1.02,-0.06817178637080035,0.007837976235391529,0.05173902598505771,0.06136330036794065
1.023,-0.04198765092792583,0.00498778361069166,0.04888883336035784,0.05851310774324078
1.026,-0.0137061838590395,0.002173746574299161,0.04607479632396534,0.05569907070684828
1.029,0.01649639932677251,-0.0006040948800910065,0.04329695486957517,0.05292122925245812
1.029,0.01649639932677251,-0.0006040948800910065,0.04329695486957517,0.05292122925245812
1.032,0.0319762305187074,0.002137511513021204,0.04603856126268738,0.05566283564557033
1.035,0.04919007118115163,0.004842843880559639,0.04874389363022582,0.05836816801310876
1.038,0.06791320722719209,0.007511863773763491,0.05141291352342967,0.06103718790631261
1.041,0.08790849334527376,0.01014453325995179,0.05404558300961797,0.06366985739250092
1.044,0.1089284589262461,0.01274081492306411,0.0566418646727303,0.06626613905561324
1.047,0.1307175056247258,0.01530067186419075,0.05920172161385693,0.06882599599673987
1.05,0.1530141770490956,0.01782406770209868,0.06172511745176486,0.07134939183464781
1.053,0.1755534804341491,0.02031096657374713,0.06421201632341331,0.07383629070629626
1.056,0.1980692396890878,0.02276133313479876,0.06666238288446494,0.07628665726734787
1.059,0.2202964589349823,0.02517513256012042,0.0690761823097866,0.07870045669266955
1.062,0.2419736755528138,0.02755233054427973,0.07145338029394591,0.08107765467682886
1.065,0.2628452818562065,0.02989289330203102,0.0737939430516972,0.08341821743458015
1.068,0.2826637947815606,0.03219678756879702,0.0760978373184632,0.08572211170134614
1.071,0.3011920534495907,0.03446398060114015,0.07836503035080633,0.08798930473368927
1.074,0.3182053250925949,0.03669444017722932,0.0805954899268955,0.09021976430977845
1.077,0.3334933006550348,0.03888813459729649,0.08278918434696267,0.09241345872984562
1.08,0.3468619623543691,0.04104503268408852,0.0849460824337547,0.09457035681663765
1.083,0.3581353066254813,0.04316510378330899,0.08706615353297517,0.09669042791585812
1.086,0.3671569071557548,0.04524831776405509,0.08914936751372127,0.09877364189660422
1.089,0.3737913041371379,0.04729464501924464,0.09119569476891082,0.1008199691517938
1.092,0.3779252074041167,0.04930405646603809,0.09320510621570427,0.1028293805985872
1.095,0.3794685027784244,0.05127652354625065,0.09517757329591683,0.1048018476787998
1.098,0.3783550526881054,0.05321201822675931,0.09711306797642549,0.1067373423593084
1.101,0.3745432839545622,0.0551105129999002,0.09901156274956638,0.1086358371324493
1.104,0.3680165575303375,0.05697198088386047,0.1008730306335267,0.1104973050164096
1.107,0.3587833169058072,0.0587963954230609,0.1026974451727271,0.11232171955561
1.11,0.346877013867495,0.0605837306885328,0.104484780438199,0.1141090548210819
1.113,0.3323558122669887,0.06233396127828551,0.1062350110279517,0.1158592854108346
1.116,0.315302072429796,0.06404706231766844,0.1079481120673346,0.1175723864502176
1.119,0.2958216207805796,0.06572300945972359,0.1096240592093898,0.1192483335922727
1.122,0.2740428111675879,0.06736177888553269,0.1112628286351989,0.1208871030180818
1.125,0.2501153862180625,0.06896334730455445,0.1128643970542206,0.1224886714371036
1.128,0.2242091488312582,0.07052769195495681,0.114428741704623,0.1240530160875059
1.131,0.1965124556010376,0.07205479060393938,0.1159558403536056,0.1255801147364885
1.134,0.1672305455404668,0.07354462154805033,0.1174456712977165,0.1270699456805995
1.137,0.1365837189428209,0.07499716361349401,0.1188982133631602,0.1285224877460431
1.14,0.1048053825434846,0.07641239615643264,0.1203134459060988,0.1299377202889818
1.143,0.07213997833409198,0.07779029906327897,0.1216913488129452,0.1313156231958281
1.143,0.07213997833409198,0.07779029906327897,0.1216913488129452,0.1313156231958281
1.144157409667969,0.0623961931786651,0.0772731091304191,0.1211741588800853,0.1307984332629682
1.144157409667969,0.0623961931786651,0.0772731091304191,0.1211741588800853,0.1307984332629682
1.146,0.04672334171535353,0.07645859875880368,0.1203596485084699,0.1299839228913528
1.149,0.02086945692489854,0.07515541334247758,0.1190564630921438,0.1286807374750267
1.152,-0.005318344014677276,0.0738896147186785,0.1177906644683447,0.1274149388512276
1.155,-0.03157396434310955,0.07266122087720692,0.1165622706268731,0.126186545009756
1.158,-0.05763169975811669,0.07147024927625825,0.1153712990259244,0.1249955734088074
1.161,-0.08322859728972737,0.07031671684217514,0.1142177665918413,0.1238420409747243
1.164,-0.1081067897394486,0.06920063996920695,0.1131016897188731,0.1227259641017561
1.167,-0.1320157849636384,0.06812203451927634,0.1120230842689425,0.1216473586518255
1.17,-0.15471468968119,0.06708091582175441,0.1109819655714206,0.1206062399543035
1.173,-0.1759743480669028,0.06607729867324222,0.1099783484229084,0.1196026228057914
1.176,-0.1955793761481725,0.06511119733736112,0.1090122470870273,0.1186365214699103
1.179,-0.2133300739475989,0.06418262554454943,0.1080836752942156,0.1177079496770986
1.182,-0.2290441983991428,0.06329159649186783,0.107192646241534,0.116816920624417
1.185,-0.2425585813013438,0.06243812284281134,0.1063391725924775,0.1159634469753605
1.188,-0.253730577946485,0.06162221672712979,0.105523266476796,0.1151475408596789
1.191,-0.2624393335676016,0.060843889740655,0.1047449394903212,0.1143692138732041
1.194,-0.2685868563622223,0.06010315294513639,0.1040042026948026,0.1136284770776855
1.197,-0.2720988875686353,0.05940001686808333,0.1033010666177495,0.1129253410006325
1.2,-0.2729255608717885,0.05873449150261598,0.1026355412522822,0.1122598156351651
1.203,-0.2710418452859091,0.05810658630732283,0.102007636056989,0.1116319104398719
1.206,-0.2664477675827651,0.05751631020612667,0.1014173599557928,0.1110416343386758
1.209,-0.2591684122912855,0.05696367158815736,0.1008647213378235,0.1104889957207065
1.212,-0.2492536992685361,0.05644867830763307,0.1003497280572992,0.1099740024401822
1.215,-0.2367779408163406,0.05597133768374813,0.09987238743341431,0.1094966618162972
1.218,-0.2218391822746188,0.05553165650056949,0.09943270625023568,0.1090569806331186
1.221,-0.2045583319443597,0.05512964100693996,0.09903069075660614,0.1086549651394891
1.224,-0.1850780880631199,0.0547652969163896,0.09866634666605578,0.1082906210489387
1.227,-0.1635616723572528,0.05443862940705436,0.09833967915672054,0.1079639535396035
1.23,-0.1401913814119848,0.05414964312160268,0.09805069287126886,0.1076749672541518
1.233,-0.1151669687174354,0.0538983421671693,0.09779939191683548,0.1074236662997184
1.236,-0.08870387175170133,0.05368473011529707,0.09758577986496325,0.1072100542478462
1.239,-0.06103129983748672,0.05350881000188607,0.09740985975155225,0.1070341341344352
1.242,-0.0323901997446543,0.05337058432715053,0.09727163407681672,0.1068959084596997
1.245,-0.003031117096092335,0.05327005505558322,0.0971711048052494,0.1067953791881324
1.248,0.02678802744072749,0.05320722361592765,0.09710827336559383,0.1067325477484768
1.250633716583252,0.0531394153403018,0.05318515946670364,0.09708620921636982,0.1067104835992528
1.250633716583252,0.0531394153403018,0.05318515946670364,0.09708620921636982,0.1067104835992528
1.251,0.05680152363116785,0.05318515946670364,0.09708620921636982,0.1067104835992528
1.254,0.0867867204421387,0.05318515946670364,0.09708620921636982,0.1067104835992528
1.257,0.1165501614815742,0.05318515946670364,0.09708620921636982,0.1067104835992528
1.26,0.1458276643397355,0.05318515946670364,0.09708620921636982,0.1067104835992528
1.263,0.1743593598285912,0.05318515946670364,0.09708620921636982,0.1067104835992528
1.266,0.2018919985991096,0.05318515946670364,0.09708620921636982,0.1067104835992528
1.269,0.2281811990004265,0.05318515946670364,0.09708620921636982,0.1067104835992528
1.272,0.2529936162286625,0.05318515946670364,0.09708620921636982,0.1067104835992528
1.275,0.2761090135119371,0.05318515946670364,0.09708620921636982,0.1067104835992528
1.278,0.2973222169475326,0.05318515946670364,0.09708620921636982,0.1067104835992528
1.281,0.3164449366399926,0.05318515946670364,0.09708620921636982,0.1067104835992528
1.284,0.3333074379755573,0.05318515946670364,0.09708620921636982,0.1067104835992528
1.287,0.3477600481986083,0.05318515946670364,0.09708620921636982,0.1067104835992528
1.29,0.3596744849176523,0.05318515946670364,0.09708620921636982,0.1067104835992528
1.293,0.3689449947489004,0.05318515946670364,0.09708620921636982,0.1067104835992528
1.296,0.375489291990797,0.05318515946670364,0.09708620921636982,0.1067104835992528
1.299,0.3792492889977259,0.05318515946670364,0.09708620921636982,0.1067104835992528
1.302,0.38019161177007,0.05318515946670364,0.09708620921636982,0.1067104835992528
1.305,0.3783078961841907,0.05318515946670364,0.09708620921636982,0.1067104835992528
1.308,0.3736148622329837,0.05318515946670364,0.09708620921636982,0.1067104835992528
1.311,0.3661541656180384,0.05318515946670364,0.09708620921636982,0.1067104835992528
1.314,0.3559920280106793,0.05318515946670364,0.09708620921636982,0.1067104835992528
1.317,0.3432186492637275,0.05318515946670364,0.09708620921636982,0.1067104835992528
1.32,0.327947406791216,0.05318515946670364,0.09708620921636982,0.1067104835992528
1.323,0.3103138492224425,0.05318515946670364,0.09708620921636982,0.1067104835992528
1.326,0.2904744932627323,0.05318515946670364,0.09708620921636982,0.1067104835992528
1.329,0.2686054344400907,0.05318515946670364,0.09708620921636982,0.1067104835992528
1.332,0.2449007840688191,0.05318515946670364,0.09708620921636982,0.1067104835992528
1.335,0.2195709463037595,0.05318515946670364,0.09708620921636982,0.1067104835992528
1.338,0.1928407505781075,0.05318515946670364,0.09708620921636982,0.1067104835992528
1.341,0.164947456001461,0.05318515946670364,0.09708620921636982,0.1067104835992528
1.344,0.1361386454311517,0.05318515946670364,0.09708620921636982,0.1067104835992528
1.347,0.1066700279092921,0.05318515946670364,0.09708620921636982,0.1067104835992528
1.35,0.07680316897119853,0.05318515946670364,0.09708620921636982,0.1067104835992528
1.353,0.04680316897119961,0.05318515946670364,0.09708620921636982,0.1067104835992528
1.356,0.01693631003310606,0.05318515946670364,0.09708620921636982,0.1067104835992528
1.359,-0.01253230748875354,0.05318515946670364,0.09708620921636982,0.1067104835992528
1.362,-0.04134111805906295,0.05318515946670364,0.09708620921636982,0.1067104835992528
1.365,-0.06923441263570948,0.05318515946670364,0.09708620921636982,0.1067104835992528
1.368,-0.09596460836136153,0.05318515946670364,0.09708620921636982,0.1067104835992528
1.371,-0.121294446126421,0.05318515946670364,0.09708620921636982,0.1067104835992528
1.374,-0.1449990964976926,0.05318515946670364,0.09708620921636982,0.1067104835992528
1.377,-0.1668681553203341,0.05318515946670364,0.09708620921636982,0.1067104835992528
1.38,-0.1867075112800445,0.05318515946670364,0.09708620921636982,0.1067104835992528
1.383,-0.204341068848818,0.05318515946670364,0.09708620921636982,0.1067104835992528
1.386,-0.2196123113213297,0.05318515946670364,0.09708620921636982,0.1067104835992528
1.389,-0.2323856900682813,0.05318515946670364,0.09708620921636982,0.1067104835992528
1.392,-0.2425478276756404,0.05318515946670364,0.09708620921636982,0.1067104835992528
1.395,-0.2500085242905857,0.05318515946670364,0.09708620921636982,0.1067104835992528
1.398,-0.2547015582417929,0.05318515946670364,0.09708620921636982,0.1067104835992528
1.401,-0.2565852738276722,0.05318515946670364,0.09708620921636982,0.1067104835992528
1.404,-0.2556429510553282,0.05318515946670364,0.09708620921636982,0.1067104835992528
1.407,-0.2518829540483991,0.05318515946670364,0.09708620921636982,0.1067104835992528
1.41,-0.245338656806503,0.05318515946670364,0.09708620921636982,0.1067104835992528
1.413,-0.2360681469752545,0.05318515946670364,0.09708620921636982,0.1067104835992528
1.416,-0.2241537102562116,0.05318515946670364,0.09708620921636982,0.1067104835992528
1.419,-0.2097011000331597,0.05318515946670364,0.09708620921636982,0.1067104835992528
1.422,-0.1928385986975964,0.05318515946670364,0.09708620921636982,0.1067104835992528
1.425,-0.173715879005135,0.05318515946670364,0.09708620921636982,0.1067104835992528
1.428,-0.1525026755695393,0.05318515946670364,0.09708620921636982,0.1067104835992528
1.431,-0.1293872782862649,0.05318515946670364,0.09708620921636982,0.1067104835992528
1.434,-0.1045748610580289,0.05318515946670364,0.09708620921636982,0.1067104835992528
1.437,-0.07828566065671208,0.05318515946670364,0.09708620921636982,0.1067104835992528
1.44,-0.05075302188619362,0.05318515946670364,0.09708620921636982,0.1067104835992528
1.443,-0.02222132639733795,0.05318515946670364,0.09708620921636982,0.1067104835992528
1.446,0.007056176460823439,0.05318515946670364,0.09708620921636982,0.1067104835992528
1.449,0.03681961750025887,0.05318515946670364,0.09708620921636982,0.1067104835992528
1.452,0.06680481431122974,0.05318515946670364,0.09708620921636982,0.1067104835992528
1.455,0.09674561616407903,0.05318515946670364,0.09708620921636982,0.1067104835992528
1.458,0.1263762663819321,0.05318515946670364,0.09708620921636982,0.1067104835992528
1.461,0.1554337612157921,0.05318515946670364,0.09708620921636982,0.1067104835992528
1.464,0.1836601842844178,0.05318515946670364,0.09708620921636982,0.1067104835992528
1.467,0.2108049958583995,0.05318515946670364,0.09708620921636982,0.1067104835992528
1.47,0.2366272566685169,0.05318515946670364,0.09708620921636982,0.1067104835992528
1.473,0.2608977664997663,0.05318515946670364,0.09708620921636982,0.1067104835992528
1.476,0.2834010985886793,0.05318515946670364,0.09708620921636982,0.1067104835992528
1.479,0.3039375117665408,0.05318515946670364,0.09708620921636982,0.1067104835992528
1.482,0.3223247233761293,0.05318515946670364,0.09708620921636982,0.1067104835992528
1.485,0.3383995272255,0.05318515946670364,0.09708620921636982,0.1067104835992528
1.488,0.3520192422176859,0.05318515946670364,0.09708620921636982,0.1067104835992528
1.491,0.3630629787982268,0.05318515946670364,0.09708620921636982,0.1067104835992528
1.494,0.3714327119794033,0.05318515946670364,0.09708620921636982,0.1067104835992528
1.497,0.3770541514169753,0.05318515946670364,0.09708620921636982,0.1067104835992528
1.5,0.3798774008165305,0.05318515946670364,0.09708620921636982,0.1067104835992528
1.5,0.3798774008165305,0.05318515946670364,0.09708620921636982,0.1067104835992528
